txID	geneID	geneName
ENST00000376819.4	ENSG00000171819.5	ANGPTL7
ENST00000476934.1	ENSG00000171819.5	ANGPTL7
ENST00000517138.1	ENSG00000252947.1	SCARNA1
ENST00000387069.1	ENSG00000274978.1	RNU11
ENST00000409358.2	ENSG00000222046.3	DCDC2B
ENST00000487056.1	ENSG00000222046.3	DCDC2B
ENST00000364672.1	ENSG00000201542.1	SNORA62
ENST00000516639.1	ENSG00000252448.1	SNORA63
ENST00000364587.1	ENSG00000201457.1	SNORA55
ENST00000626479.1	ENSG00000281207.1	SLFNL1-AS1
ENST00000693284.1	ENSG00000171790.16	SLFNL1
ENST00000302946.13	ENSG00000171790.16	SLFNL1
ENST00000372613.6	ENSG00000171790.16	SLFNL1
ENST00000439569.2	ENSG00000171790.16	SLFNL1
ENST00000372611.5	ENSG00000171790.16	SLFNL1
ENST00000359345.5	ENSG00000171790.16	SLFNL1
ENST00000688905.1	ENSG00000171790.16	SLFNL1
ENST00000689703.1	ENSG00000171790.16	SLFNL1
ENST00000693533.1	ENSG00000171790.16	SLFNL1
ENST00000690672.1	ENSG00000171790.16	SLFNL1
ENST00000581525.1	ENSG00000264294.1	SNORD55
ENST00000364043.1	ENSG00000200913.1	SNORD46
ENST00000383893.1	ENSG00000206620.1	SNORD45C
ENST00000341460.6	ENSG00000097096.10	SYDE2
ENST00000696556.1	ENSG00000097096.10	SYDE2
ENST00000234668.6	ENSG00000097096.10	SYDE2
ENST00000370382.7	ENSG00000189195.15	BTBD8
ENST00000635934.1	ENSG00000189195.15	BTBD8
ENST00000342818.4	ENSG00000189195.15	BTBD8
ENST00000636805.2	ENSG00000189195.15	BTBD8
ENST00000642070.1	ENSG00000189195.15	BTBD8
ENST00000370378.5	ENSG00000189195.15	BTBD8
ENST00000637221.2	ENSG00000189195.15	BTBD8
ENST00000674371.1	ENSG00000189195.15	BTBD8
ENST00000383953.1	ENSG00000206680.1	SNORD21
ENST00000458748.1	ENSG00000278249.1	SCARNA2
ENST00000369443.10	ENSG00000196505.11	GDAP2
ENST00000491626.5	ENSG00000196505.11	GDAP2
ENST00000369442.3	ENSG00000196505.11	GDAP2
ENST00000464026.1	ENSG00000196505.11	GDAP2
ENST00000493555.5	ENSG00000196505.11	GDAP2
ENST00000494224.1	ENSG00000196505.11	GDAP2
ENST00000368910.4	ENSG00000163154.6	TNFAIP8L2
ENST00000629045.1	ENSG00000280466.1	SCARNA4
ENST00000625402.1	ENSG00000281394.1	SCARNA4
ENST00000517097.1	ENSG00000252906.1	SCARNA3
ENST00000364921.1	ENSG00000201791.1	SNORA63
ENST00000367612.7	ENSG00000169905.13	TOR1AIP2
ENST00000609928.6	ENSG00000169905.13	TOR1AIP2
ENST00000482587.5	ENSG00000169905.13	TOR1AIP2
ENST00000495650.1	ENSG00000169905.13	TOR1AIP2
ENST00000474318.1	ENSG00000169905.13	TOR1AIP2
ENST00000483123.1	ENSG00000169905.13	TOR1AIP2
ENST00000365074.1	ENSG00000201944.1	SNORA72
ENST00000652023.1	ENSG00000143469.21	SYT14
ENST00000537238.5	ENSG00000143469.21	SYT14
ENST00000637265.1	ENSG00000143469.21	SYT14
ENST00000367019.6	ENSG00000143469.21	SYT14
ENST00000699295.1	ENSG00000143469.21	SYT14
ENST00000637945.1	ENSG00000143469.21	SYT14
ENST00000472886.5	ENSG00000143469.21	SYT14
ENST00000399639.6	ENSG00000143469.21	SYT14
ENST00000367015.5	ENSG00000143469.21	SYT14
ENST00000534859.2	ENSG00000143469.21	SYT14
ENST00000365028.1	ENSG00000201898.1	SNORA72
ENST00000445597.6	ENSG00000185842.16	DNAH14
ENST00000430092.5	ENSG00000185842.16	DNAH14
ENST00000366850.7	ENSG00000185842.16	DNAH14
ENST00000400952.7	ENSG00000185842.16	DNAH14
ENST00000682510.1	ENSG00000185842.16	DNAH14
ENST00000366849.5	ENSG00000185842.16	DNAH14
ENST00000498360.5	ENSG00000185842.16	DNAH14
ENST00000366848.5	ENSG00000185842.16	DNAH14
ENST00000486657.1	ENSG00000185842.16	DNAH14
ENST00000439375.6	ENSG00000185842.16	DNAH14
ENST00000433124.1	ENSG00000185842.16	DNAH14
ENST00000453375.1	ENSG00000185842.16	DNAH14
ENST00000474127.1	ENSG00000185842.16	DNAH14
ENST00000474801.2	ENSG00000185842.16	DNAH14
ENST00000328556.9	ENSG00000185842.16	DNAH14
ENST00000495456.1	ENSG00000185842.16	DNAH14
ENST00000638635.1	ENSG00000185842.16	DNAH14
ENST00000327794.10	ENSG00000185842.16	DNAH14
ENST00000450490.1	ENSG00000185842.16	DNAH14
ENST00000428003.2	ENSG00000185842.16	DNAH14
ENST00000608949.5	ENSG00000181450.18	ZNF678
ENST00000465266.1	ENSG00000181450.18	ZNF678
ENST00000343776.10	ENSG00000181450.18	ZNF678
ENST00000440339.1	ENSG00000181450.18	ZNF678
ENST00000397097.4	ENSG00000181450.18	ZNF678
ENST00000384452.1	ENSG00000207181.1	SNORA14B
ENST00000472531.5	ENSG00000196418.13	ZNF124
ENST00000476312.1	ENSG00000196418.13	ZNF124
ENST00000491356.5	ENSG00000196418.13	ZNF124
ENST00000543802.3	ENSG00000196418.13	ZNF124
ENST00000340684.10	ENSG00000196418.13	ZNF124
ENST00000491848.1	ENSG00000196418.13	ZNF124
ENST00000379416.4	ENSG00000158125.10	XDH
ENST00000491727.5	ENSG00000158125.10	XDH
ENST00000476043.1	ENSG00000158125.10	XDH
ENST00000306078.2	ENSG00000171126.8	KCNG3
ENST00000394973.4	ENSG00000171126.8	KCNG3
ENST00000391278.1	ENSG00000212580.1	SNORA75
ENST00000529851.5	ENSG00000169621.11	APLF
ENST00000303795.9	ENSG00000169621.11	APLF
ENST00000445692.5	ENSG00000169621.11	APLF
ENST00000471727.3	ENSG00000169621.11	APLF
ENST00000627740.1	ENSG00000169621.11	APLF
ENST00000488585.1	ENSG00000169621.11	APLF
ENST00000386037.1	ENSG00000208772.1	SNORD94
ENST00000390981.1	ENSG00000212283.1	SNORD89
ENST00000384520.1	ENSG00000207249.1	SNORA72
ENST00000384174.1	ENSG00000206901.1	SNORA72
ENST00000342175.12	ENSG00000155657.29	TTN
ENST00000359218.11	ENSG00000155657.29	TTN
ENST00000342992.11	ENSG00000155657.29	TTN
ENST00000425332.3	ENSG00000155657.29	TTN
ENST00000426232.6	ENSG00000155657.29	TTN
ENST00000436599.2	ENSG00000155657.29	TTN
ENST00000446966.2	ENSG00000155657.29	TTN
ENST00000460472.6	ENSG00000155657.29	TTN
ENST00000589042.5	ENSG00000155657.29	TTN
ENST00000591111.5	ENSG00000155657.29	TTN
ENST00000715174.1	ENSG00000155657.29	TTN
ENST00000412264.2	ENSG00000155657.29	TTN
ENST00000360870.10	ENSG00000155657.29	TTN
ENST00000634225.2	ENSG00000155657.29	TTN
ENST00000470257.1	ENSG00000155657.29	TTN
ENST00000424728.6	ENSG00000188738.16	FSIP2
ENST00000465275.1	ENSG00000188738.16	FSIP2
ENST00000469367.1	ENSG00000188738.16	FSIP2
ENST00000429412.1	ENSG00000188738.16	FSIP2
ENST00000415915.5	ENSG00000188738.16	FSIP2
ENST00000682787.1	ENSG00000144426.19	NBEAL1
ENST00000683091.1	ENSG00000144426.19	NBEAL1
ENST00000682077.1	ENSG00000144426.19	NBEAL1
ENST00000463830.2	ENSG00000144426.19	NBEAL1
ENST00000682333.1	ENSG00000144426.19	NBEAL1
ENST00000683969.1	ENSG00000144426.19	NBEAL1
ENST00000683927.1	ENSG00000144426.19	NBEAL1
ENST00000497505.5	ENSG00000144426.19	NBEAL1
ENST00000449802.5	ENSG00000144426.19	NBEAL1
ENST00000478884.5	ENSG00000144426.19	NBEAL1
ENST00000492870.1	ENSG00000144426.19	NBEAL1
ENST00000460416.2	ENSG00000144426.19	NBEAL1
ENST00000683338.1	ENSG00000144426.19	NBEAL1
ENST00000683001.1	ENSG00000144426.19	NBEAL1
ENST00000682108.1	ENSG00000144426.19	NBEAL1
ENST00000681967.1	ENSG00000144426.19	NBEAL1
ENST00000483147.2	ENSG00000144426.19	NBEAL1
ENST00000682630.1	ENSG00000144426.19	NBEAL1
ENST00000684091.1	ENSG00000144426.19	NBEAL1
ENST00000414576.6	ENSG00000144426.19	NBEAL1
ENST00000460355.1	ENSG00000144426.19	NBEAL1
ENST00000683650.1	ENSG00000144426.19	NBEAL1
ENST00000684709.1	ENSG00000144426.19	NBEAL1
ENST00000434469.1	ENSG00000144426.19	NBEAL1
ENST00000258400.4	ENSG00000135914.6	HTR2B
ENST00000384158.1	ENSG00000206885.1	SNORA75
ENST00000516201.1	ENSG00000252010.1	SCARNA5
ENST00000515982.1	ENSG00000251791.1	SCARNA6
ENST00000414938.1	ENSG00000235947.1	EGOT
ENST00000467610.1	ENSG00000134107.5	BHLHE40
ENST00000256495.4	ENSG00000134107.5	BHLHE40
ENST00000460806.1	ENSG00000134107.5	BHLHE40
ENST00000328405.7	ENSG00000183960.9	KCNH8
ENST00000452398.5	ENSG00000183960.9	KCNH8
ENST00000475063.1	ENSG00000183960.9	KCNH8
ENST00000432518.6	ENSG00000144642.22	RBMS3
ENST00000636680.2	ENSG00000144642.22	RBMS3
ENST00000443912.5	ENSG00000144642.22	RBMS3
ENST00000445077.1	ENSG00000144642.22	RBMS3
ENST00000636900.1	ENSG00000144642.22	RBMS3
ENST00000636582.1	ENSG00000144642.22	RBMS3
ENST00000637842.1	ENSG00000144642.22	RBMS3
ENST00000434693.6	ENSG00000144642.22	RBMS3
ENST00000383767.7	ENSG00000144642.22	RBMS3
ENST00000471426.1	ENSG00000144642.22	RBMS3
ENST00000445033.5	ENSG00000144642.22	RBMS3
ENST00000273139.13	ENSG00000144642.22	RBMS3
ENST00000383766.6	ENSG00000144642.22	RBMS3
ENST00000452462.5	ENSG00000144642.22	RBMS3
ENST00000456853.1	ENSG00000144642.22	RBMS3
ENST00000497205.1	ENSG00000144642.22	RBMS3
ENST00000478716.1	ENSG00000144642.22	RBMS3
ENST00000497319.1	ENSG00000144642.22	RBMS3
ENST00000473799.1	ENSG00000144642.22	RBMS3
ENST00000497274.1	ENSG00000144642.22	RBMS3
ENST00000629416.2	ENSG00000203506.5	RBMS3-AS2
ENST00000629296.2	ENSG00000203506.5	RBMS3-AS2
ENST00000628068.1	ENSG00000203506.5	RBMS3-AS2
ENST00000625355.1	ENSG00000203506.5	RBMS3-AS2
ENST00000366321.2	ENSG00000203506.5	RBMS3-AS2
ENST00000601343.1	ENSG00000203506.5	RBMS3-AS2
ENST00000626662.1	ENSG00000203506.5	RBMS3-AS2
ENST00000414547.1	ENSG00000235593.1	RBMS3-AS1
ENST00000384033.1	ENSG00000206760.1	SNORA6
ENST00000365493.1	ENSG00000202363.1	SNORA62
ENST00000489118.1	ENSG00000168038.11	ULK4
ENST00000301831.9	ENSG00000168038.11	ULK4
ENST00000460406.1	ENSG00000168038.11	ULK4
ENST00000420927.5	ENSG00000168038.11	ULK4
ENST00000481226.1	ENSG00000168038.11	ULK4
ENST00000484323.1	ENSG00000168038.11	ULK4
ENST00000459802.5	ENSG00000168038.11	ULK4
ENST00000497684.1	ENSG00000168038.11	ULK4
ENST00000453224.5	ENSG00000168038.11	ULK4
ENST00000431379.5	ENSG00000168038.11	ULK4
ENST00000414606.1	ENSG00000168038.11	ULK4
ENST00000460978.1	ENSG00000168038.11	ULK4
ENST00000438735.1	ENSG00000172215.6	CXCR6
ENST00000304552.5	ENSG00000172215.6	CXCR6
ENST00000458629.1	ENSG00000172215.6	CXCR6
ENST00000457814.1	ENSG00000172215.6	CXCR6
ENST00000477258.2	ENSG00000168386.19	FILIP1L
ENST00000476723.1	ENSG00000168386.19	FILIP1L
ENST00000354552.7	ENSG00000168386.19	FILIP1L
ENST00000487087.5	ENSG00000168386.19	FILIP1L
ENST00000471562.1	ENSG00000168386.19	FILIP1L
ENST00000383694.3	ENSG00000168386.19	FILIP1L
ENST00000331335.9	ENSG00000168386.19	FILIP1L
ENST00000495625.2	ENSG00000168386.19	FILIP1L
ENST00000398326.2	ENSG00000168386.19	FILIP1L
ENST00000468533.1	ENSG00000168386.19	FILIP1L
ENST00000461724.5	ENSG00000144802.11	NFKBIZ
ENST00000483180.5	ENSG00000144802.11	NFKBIZ
ENST00000394054.6	ENSG00000144802.11	NFKBIZ
ENST00000326151.9	ENSG00000144802.11	NFKBIZ
ENST00000326172.9	ENSG00000144802.11	NFKBIZ
ENST00000486444.1	ENSG00000144802.11	NFKBIZ
ENST00000491281.1	ENSG00000144802.11	NFKBIZ
ENST00000465476.1	ENSG00000144802.11	NFKBIZ
ENST00000477601.1	ENSG00000144802.11	NFKBIZ
ENST00000495089.1	ENSG00000144802.11	NFKBIZ
ENST00000495719.1	ENSG00000144802.11	NFKBIZ
ENST00000675478.1	ENSG00000181722.18	ZBTB20
ENST00000357258.8	ENSG00000181722.18	ZBTB20
ENST00000704358.1	ENSG00000181722.18	ZBTB20
ENST00000462705.5	ENSG00000181722.18	ZBTB20
ENST00000481632.5	ENSG00000181722.18	ZBTB20
ENST00000471418.5	ENSG00000181722.18	ZBTB20
ENST00000474710.6	ENSG00000181722.18	ZBTB20
ENST00000464560.5	ENSG00000181722.18	ZBTB20
ENST00000676079.1	ENSG00000181722.18	ZBTB20
ENST00000704361.1	ENSG00000181722.18	ZBTB20
ENST00000470311.6	ENSG00000181722.18	ZBTB20
ENST00000479879.5	ENSG00000181722.18	ZBTB20
ENST00000704360.1	ENSG00000181722.18	ZBTB20
ENST00000482689.5	ENSG00000181722.18	ZBTB20
ENST00000463890.5	ENSG00000181722.18	ZBTB20
ENST00000486152.6	ENSG00000181722.18	ZBTB20
ENST00000480832.5	ENSG00000181722.18	ZBTB20
ENST00000491500.5	ENSG00000181722.18	ZBTB20
ENST00000492665.5	ENSG00000181722.18	ZBTB20
ENST00000470556.1	ENSG00000181722.18	ZBTB20
ENST00000463497.5	ENSG00000181722.18	ZBTB20
ENST00000488663.1	ENSG00000181722.18	ZBTB20
ENST00000468769.1	ENSG00000181722.18	ZBTB20
ENST00000470186.1	ENSG00000181722.18	ZBTB20
ENST00000628886.1	ENSG00000242290.2	ZBTB20-AS5
ENST00000465249.1	ENSG00000242290.2	ZBTB20-AS5
ENST00000627586.1	ENSG00000242290.2	ZBTB20-AS5
ENST00000478301.1	ENSG00000241295.1	ZBTB20-AS2
ENST00000498630.1	ENSG00000239946.1	ZBTB20-AS3
ENST00000472323.1	ENSG00000242767.1	ZBTB20-AS4
ENST00000264977.8	ENSG00000073711.11	PPP2R3A
ENST00000490467.5	ENSG00000073711.11	PPP2R3A
ENST00000334546.6	ENSG00000073711.11	PPP2R3A
ENST00000447251.2	ENSG00000073711.11	PPP2R3A
ENST00000469270.1	ENSG00000073711.11	PPP2R3A
ENST00000629077.1	ENSG00000138271.6	GPR87
ENST00000260843.5	ENSG00000138271.6	GPR87
ENST00000473876.1	ENSG00000240596.1	KCNAB1-AS2
ENST00000467794.1	ENSG00000242370.1	KCNAB1-AS1
ENST00000458797.1	ENSG00000238741.1	SCARNA7
ENST00000384356.1	ENSG00000207084.1	SNORA72
ENST00000465590.2	ENSG00000136603.15	SKIL
ENST00000477216.1	ENSG00000136603.15	SKIL
ENST00000476188.5	ENSG00000136603.15	SKIL
ENST00000259119.9	ENSG00000136603.15	SKIL
ENST00000426052.6	ENSG00000136603.15	SKIL
ENST00000490989.1	ENSG00000136603.15	SKIL
ENST00000413427.6	ENSG00000136603.15	SKIL
ENST00000458537.7	ENSG00000136603.15	SKIL
ENST00000470571.1	ENSG00000136603.15	SKIL
ENST00000490894.1	ENSG00000136603.15	SKIL
ENST00000363485.1	ENSG00000200355.1	SNORA72
ENST00000459163.1	ENSG00000238942.1	SNORD2
ENST00000408493.2	ENSG00000221420.2	SNORA81
ENST00000363450.1	ENSG00000200320.1	SNORA63
ENST00000503991.1	ENSG00000249784.1	SCARNA22
ENST00000365579.1	ENSG00000202449.1	SNORA63
ENST00000391286.1	ENSG00000212588.1	SNORA26
ENST00000365504.1	ENSG00000202374.1	SNORA62
ENST00000391318.1	ENSG00000212620.1	SNORA75
ENST00000384096.1	ENSG00000275994.1	SNORA24
ENST00000317605.6	ENSG00000181541.6	MAB21L2
ENST00000516541.1	ENSG00000252350.1	RPPH1-3P
ENST00000362682.1	ENSG00000199552.1	SNORA63
ENST00000502765.1	ENSG00000250853.1	RNF138P1
ENST00000458862.1	ENSG00000238961.1	SNORA47
ENST00000459004.1	ENSG00000238835.1	SCARNA18
ENST00000265138.4	ENSG00000113369.9	ARRDC3
ENST00000511391.1	ENSG00000113369.9	ARRDC3
ENST00000505631.1	ENSG00000113369.9	ARRDC3
ENST00000514284.5	ENSG00000113369.9	ARRDC3
ENST00000508948.5	ENSG00000113369.9	ARRDC3
ENST00000503192.5	ENSG00000113369.9	ARRDC3
ENST00000507075.1	ENSG00000113369.9	ARRDC3
ENST00000395784.1	ENSG00000113441.16	LNPEP
ENST00000231368.10	ENSG00000113441.16	LNPEP
ENST00000395770.3	ENSG00000113441.16	LNPEP
ENST00000474122.1	ENSG00000113441.16	LNPEP
ENST00000473914.1	ENSG00000113441.16	LNPEP
ENST00000458790.1	ENSG00000238363.1	SNORA13
ENST00000364089.1	ENSG00000200959.1	SNORA74A
ENST00000363120.1	ENSG00000199990.1	VTRNA1-1
ENST00000365241.1	ENSG00000202111.1	VTRNA1-2
ENST00000365645.1	ENSG00000202515.1	VTRNA1-3
ENST00000510259.5	ENSG00000186314.12	PRELID2
ENST00000510594.1	ENSG00000186314.12	PRELID2
ENST00000515161.1	ENSG00000186314.12	PRELID2
ENST00000683046.1	ENSG00000186314.12	PRELID2
ENST00000334744.8	ENSG00000186314.12	PRELID2
ENST00000394450.6	ENSG00000186314.12	PRELID2
ENST00000505416.5	ENSG00000186314.12	PRELID2
ENST00000511435.1	ENSG00000186314.12	PRELID2
ENST00000515475.1	ENSG00000186314.12	PRELID2
ENST00000505097.1	ENSG00000186314.12	PRELID2
ENST00000443155.5	ENSG00000204764.14	RANBP17
ENST00000389118.8	ENSG00000204764.14	RANBP17
ENST00000519256.5	ENSG00000204764.14	RANBP17
ENST00000523189.6	ENSG00000204764.14	RANBP17
ENST00000522533.5	ENSG00000204764.14	RANBP17
ENST00000522066.5	ENSG00000204764.14	RANBP17
ENST00000519949.5	ENSG00000204764.14	RANBP17
ENST00000519130.5	ENSG00000204764.14	RANBP17
ENST00000520864.5	ENSG00000204764.14	RANBP17
ENST00000519944.1	ENSG00000204764.14	RANBP17
ENST00000523727.1	ENSG00000204764.14	RANBP17
ENST00000522734.1	ENSG00000204764.14	RANBP17
ENST00000520879.5	ENSG00000204764.14	RANBP17
ENST00000522380.2	ENSG00000204764.14	RANBP17
ENST00000517629.1	ENSG00000204764.14	RANBP17
ENST00000521165.1	ENSG00000204764.14	RANBP17
ENST00000518492.1	ENSG00000204764.14	RANBP17
ENST00000521759.5	ENSG00000204764.14	RANBP17
ENST00000520586.5	ENSG00000204764.14	RANBP17
ENST00000523665.5	ENSG00000204764.14	RANBP17
ENST00000524364.1	ENSG00000204764.14	RANBP17
ENST00000521834.1	ENSG00000204764.14	RANBP17
ENST00000391100.1	ENSG00000212402.1	SNORA74B
ENST00000303324.4	ENSG00000168131.4	OR2B2
ENST00000274938.8	ENSG00000146197.9	SCUBE3
ENST00000605896.1	ENSG00000272374.1	SCUBE3-AS1
ENST00000306858.8	ENSG00000168143.9	FAM83B
ENST00000369244.7	ENSG00000112234.9	FBXL4
ENST00000229971.2	ENSG00000112234.9	FBXL4
ENST00000651968.1	ENSG00000123500.10	COL10A1
ENST00000243222.8	ENSG00000123500.10	COL10A1
ENST00000327673.4	ENSG00000123500.10	COL10A1
ENST00000452729.1	ENSG00000123500.10	COL10A1
ENST00000418500.1	ENSG00000123500.10	COL10A1
ENST00000367165.3	ENSG00000171217.5	CLDN20
ENST00000384662.1	ENSG00000207392.1	SNORA20
ENST00000362603.1	ENSG00000199473.1	SNORA63
ENST00000384111.1	ENSG00000206838.1	SNORA5A
ENST00000364902.1	ENSG00000201772.1	SNORA5C
ENST00000309683.11	ENSG00000173041.12	ZNF680
ENST00000476563.1	ENSG00000173041.12	ZNF680
ENST00000470847.1	ENSG00000173041.12	ZNF680
ENST00000447137.2	ENSG00000173041.12	ZNF680
ENST00000473601.1	ENSG00000173041.12	ZNF680
ENST00000395391.2	ENSG00000196247.13	ZNF107
ENST00000684016.1	ENSG00000196247.13	ZNF107
ENST00000423627.6	ENSG00000196247.13	ZNF107
ENST00000620827.6	ENSG00000196247.13	ZNF107
ENST00000613690.5	ENSG00000196247.13	ZNF107
ENST00000683053.1	ENSG00000196247.13	ZNF107
ENST00000360117.8	ENSG00000196247.13	ZNF107
ENST00000344930.7	ENSG00000196247.13	ZNF107
ENST00000684494.1	ENSG00000196247.13	ZNF107
ENST00000683492.1	ENSG00000196247.13	ZNF107
ENST00000683656.1	ENSG00000196247.13	ZNF107
ENST00000682671.1	ENSG00000196247.13	ZNF107
ENST00000683971.1	ENSG00000196247.13	ZNF107
ENST00000359735.7	ENSG00000197008.10	ZNF138
ENST00000494380.5	ENSG00000197008.10	ZNF138
ENST00000440155.6	ENSG00000197008.10	ZNF138
ENST00000440598.2	ENSG00000197008.10	ZNF138
ENST00000437743.1	ENSG00000197008.10	ZNF138
ENST00000307355.12	ENSG00000197008.10	ZNF138
ENST00000430838.2	ENSG00000197008.10	ZNF138
ENST00000357512.3	ENSG00000146757.14	ZNF92
ENST00000488849.1	ENSG00000146757.14	ZNF92
ENST00000431504.1	ENSG00000146757.14	ZNF92
ENST00000328747.12	ENSG00000146757.14	ZNF92
ENST00000450302.2	ENSG00000146757.14	ZNF92
ENST00000383907.1	ENSG00000206634.1	SNORA22
ENST00000364773.1	ENSG00000201643.1	SNORA14A
ENST00000468884.1	ENSG00000177683.14	THAP5
ENST00000415914.4	ENSG00000177683.14	THAP5
ENST00000313516.5	ENSG00000177683.14	THAP5
ENST00000493722.1	ENSG00000177683.14	THAP5
ENST00000438865.1	ENSG00000177683.14	THAP5
ENST00000446771.5	ENSG00000177683.14	THAP5
ENST00000412935.1	ENSG00000177683.14	THAP5
ENST00000484452.1	ENSG00000177683.14	THAP5
ENST00000485577.1	ENSG00000048405.11	ZNF800
ENST00000393313.5	ENSG00000048405.11	ZNF800
ENST00000265827.8	ENSG00000048405.11	ZNF800
ENST00000393312.5	ENSG00000048405.11	ZNF800
ENST00000434602.5	ENSG00000048405.11	ZNF800
ENST00000436992.5	ENSG00000048405.11	ZNF800
ENST00000439506.1	ENSG00000048405.11	ZNF800
ENST00000249363.4	ENSG00000128594.8	LRRC4
ENST00000494115.1	ENSG00000128594.8	LRRC4
ENST00000476782.5	ENSG00000128594.8	LRRC4
ENST00000478726.1	ENSG00000128594.8	LRRC4
ENST00000275766.2	ENSG00000146858.8	ZC3HAV1L
ENST00000364287.1	ENSG00000201157.1	SNORA62
ENST00000391127.1	ENSG00000212429.1	RNU11-6P
ENST00000384339.1	ENSG00000207067.1	SNORA72
ENST00000391149.1	ENSG00000212451.1	RNU11-4P
ENST00000516349.1	ENSG00000252158.1	SNORA72
ENST00000382004.7	ENSG00000080298.16	RFX3
ENST00000617270.5	ENSG00000080298.16	RFX3
ENST00000358730.6	ENSG00000080298.16	RFX3
ENST00000449234.1	ENSG00000080298.16	RFX3
ENST00000458034.1	ENSG00000080298.16	RFX3
ENST00000302303.5	ENSG00000080298.16	RFX3
ENST00000457373.5	ENSG00000080298.16	RFX3
ENST00000451859.5	ENSG00000080298.16	RFX3
ENST00000420720.5	ENSG00000080298.16	RFX3
ENST00000442560.5	ENSG00000080298.16	RFX3
ENST00000449190.5	ENSG00000080298.16	RFX3
ENST00000381984.2	ENSG00000080298.16	RFX3
ENST00000515924.1	ENSG00000251733.1	SCARNA8
ENST00000363046.1	ENSG00000277027.1	RMRP
ENST00000459229.1	ENSG00000239183.1	SNORA84
ENST00000481138.6	ENSG00000196597.13	ZNF782
ENST00000535338.5	ENSG00000196597.13	ZNF782
ENST00000289032.12	ENSG00000196597.13	ZNF782
ENST00000466833.5	ENSG00000196597.13	ZNF782
ENST00000478850.5	ENSG00000196597.13	ZNF782
ENST00000498811.2	ENSG00000196597.13	ZNF782
ENST00000485322.1	ENSG00000196597.13	ZNF782
ENST00000358151.8	ENSG00000173258.13	ZNF483
ENST00000309235.6	ENSG00000173258.13	ZNF483
ENST00000355824.7	ENSG00000173258.13	ZNF483
ENST00000374374.3	ENSG00000173258.13	ZNF483
ENST00000616002.3	ENSG00000188394.8	GPR21
ENST00000613760.4	ENSG00000136918.8	WDR38
ENST00000618744.4	ENSG00000136918.8	WDR38
ENST00000373574.2	ENSG00000136918.8	WDR38
ENST00000364432.1	ENSG00000201302.1	SNORA65
ENST00000623824.2	ENSG00000188710.3	QRFP
ENST00000343079.1	ENSG00000188710.3	QRFP
ENST00000408749.1	ENSG00000221676.1	RNU6ATAC
ENST00000377275.4	ENSG00000165997.5	ARL5B
ENST00000683963.1	ENSG00000183230.18	CTNNA3
ENST00000682758.1	ENSG00000183230.18	CTNNA3
ENST00000684154.1	ENSG00000183230.18	CTNNA3
ENST00000433211.7	ENSG00000183230.18	CTNNA3
ENST00000682945.1	ENSG00000183230.18	CTNNA3
ENST00000373735.2	ENSG00000183230.18	CTNNA3
ENST00000683624.1	ENSG00000183230.18	CTNNA3
ENST00000684489.1	ENSG00000183230.18	CTNNA3
ENST00000683272.1	ENSG00000183230.18	CTNNA3
ENST00000494580.1	ENSG00000183230.18	CTNNA3
ENST00000683771.1	ENSG00000183230.18	CTNNA3
ENST00000682166.1	ENSG00000183230.18	CTNNA3
ENST00000683630.1	ENSG00000183230.18	CTNNA3
ENST00000545309.3	ENSG00000183230.18	CTNNA3
ENST00000330298.6	ENSG00000183230.18	CTNNA3
ENST00000682505.1	ENSG00000183230.18	CTNNA3
ENST00000391162.1	ENSG00000212464.1	SNORA12
ENST00000391111.1	ENSG00000212413.1	RNU11-3P
ENST00000616894.1	ENSG00000107518.18	ATRNL1
ENST00000609571.5	ENSG00000107518.18	ATRNL1
ENST00000355044.8	ENSG00000107518.18	ATRNL1
ENST00000526946.5	ENSG00000107518.18	ATRNL1
ENST00000527407.5	ENSG00000107518.18	ATRNL1
ENST00000650603.1	ENSG00000107518.18	ATRNL1
ENST00000524503.1	ENSG00000107518.18	ATRNL1
ENST00000526373.1	ENSG00000107518.18	ATRNL1
ENST00000534530.5	ENSG00000107518.18	ATRNL1
ENST00000424738.1	ENSG00000107518.18	ATRNL1
ENST00000449616.2	ENSG00000107518.18	ATRNL1
ENST00000362915.1	ENSG00000199785.1	SNORA52
ENST00000710656.1	ENSG00000269821.2	KCNQ1OT1
ENST00000710673.1	ENSG00000269821.2	KCNQ1OT1
ENST00000710657.1	ENSG00000269821.2	KCNQ1OT1
ENST00000710661.1	ENSG00000269821.2	KCNQ1OT1
ENST00000597346.1	ENSG00000269821.2	KCNQ1OT1
ENST00000710674.1	ENSG00000269821.2	KCNQ1OT1
ENST00000710658.1	ENSG00000269821.2	KCNQ1OT1
ENST00000710662.1	ENSG00000269821.2	KCNQ1OT1
ENST00000710675.1	ENSG00000269821.2	KCNQ1OT1
ENST00000710676.1	ENSG00000269821.2	KCNQ1OT1
ENST00000710663.1	ENSG00000269821.2	KCNQ1OT1
ENST00000710664.1	ENSG00000269821.2	KCNQ1OT1
ENST00000710659.1	ENSG00000269821.2	KCNQ1OT1
ENST00000710665.1	ENSG00000269821.2	KCNQ1OT1
ENST00000384281.1	ENSG00000207008.1	SNORA54
ENST00000365110.1	ENSG00000201980.1	SNORA62
ENST00000365128.1	ENSG00000201998.1	SNORA23
ENST00000459187.1	ENSG00000238622.1	SNORD97
ENST00000525975.5	ENSG00000110422.12	HIPK3
ENST00000303296.9	ENSG00000110422.12	HIPK3
ENST00000379016.7	ENSG00000110422.12	HIPK3
ENST00000531504.5	ENSG00000110422.12	HIPK3
ENST00000456517.2	ENSG00000110422.12	HIPK3
ENST00000534262.1	ENSG00000110422.12	HIPK3
ENST00000390833.1	ENSG00000212135.1	SNORD67
ENST00000383870.1	ENSG00000206597.1	SNORA57
ENST00000384706.1	ENSG00000274544.1	SNORD28
ENST00000384214.1	ENSG00000206941.1	SNORD15A
ENST00000384714.1	ENSG00000207445.1	SNORD15B
ENST00000525166.6	ENSG00000165323.16	FAT3
ENST00000409404.6	ENSG00000165323.16	FAT3
ENST00000528921.1	ENSG00000165323.16	FAT3
ENST00000533797.1	ENSG00000165323.16	FAT3
ENST00000489716.1	ENSG00000165323.16	FAT3
ENST00000469900.1	ENSG00000165323.16	FAT3
ENST00000530422.1	ENSG00000254911.3	SCARNA9
ENST00000384384.1	ENSG00000207112.1	SNORA25
ENST00000384072.1	ENSG00000206799.1	SNORA32
ENST00000384107.1	ENSG00000206834.1	SNORA1
ENST00000384574.1	ENSG00000207304.1	SNORA8
ENST00000384416.1	ENSG00000207145.1	SNORA18
ENST00000388090.1	ENSG00000210825.1	SNORA40
ENST00000536441.7	ENSG00000149212.12	SESN3
ENST00000278499.6	ENSG00000149212.12	SESN3
ENST00000416495.6	ENSG00000149212.12	SESN3
ENST00000634898.1	ENSG00000149212.12	SESN3
ENST00000542176.1	ENSG00000149212.12	SESN3
ENST00000537480.1	ENSG00000149212.12	SESN3
ENST00000419197.6	ENSG00000168092.14	PAFAH1B2
ENST00000527958.6	ENSG00000168092.14	PAFAH1B2
ENST00000304808.10	ENSG00000168092.14	PAFAH1B2
ENST00000529887.6	ENSG00000168092.14	PAFAH1B2
ENST00000526888.1	ENSG00000168092.14	PAFAH1B2
ENST00000530272.1	ENSG00000168092.14	PAFAH1B2
ENST00000533206.1	ENSG00000168092.14	PAFAH1B2
ENST00000533677.1	ENSG00000168092.14	PAFAH1B2
ENST00000459255.1	ENSG00000239002.3	SCARNA10
ENST00000459155.1	ENSG00000238795.1	SCARNA12
ENST00000261336.7	ENSG00000126838.10	PZP
ENST00000535230.5	ENSG00000126838.10	PZP
ENST00000539983.5	ENSG00000126838.10	PZP
ENST00000546197.5	ENSG00000126838.10	PZP
ENST00000540995.5	ENSG00000126838.10	PZP
ENST00000543108.1	ENSG00000126838.10	PZP
ENST00000546116.1	ENSG00000126838.10	PZP
ENST00000391138.1	ENSG00000212440.1	SNORA75
ENST00000391130.1	ENSG00000212432.1	SNORA75
ENST00000390677.2	ENSG00000212128.2	TAS2R13
ENST00000381852.4	ENSG00000212127.6	TAS2R14
ENST00000537503.2	ENSG00000212127.6	TAS2R14
ENST00000506868.1	ENSG00000212126.3	TAS2R50
ENST00000390673.2	ENSG00000212124.2	TAS2R19
ENST00000390675.2	ENSG00000256436.1	TAS2R31
ENST00000539585.1	ENSG00000256188.3	TAS2R30
ENST00000391231.1	ENSG00000212533.1	SNORA75
ENST00000313737.5	ENSG00000177340.5	FLJ13224
ENST00000538927.1	ENSG00000139133.7	ALG10
ENST00000541178.1	ENSG00000139133.7	ALG10
ENST00000541875.1	ENSG00000139133.7	ALG10
ENST00000266483.7	ENSG00000139133.7	ALG10
ENST00000383885.1	ENSG00000206612.1	SNORA2A
ENST00000551319.5	ENSG00000139626.16	ITGB7
ENST00000267082.10	ENSG00000139626.16	ITGB7
ENST00000422257.7	ENSG00000139626.16	ITGB7
ENST00000550743.6	ENSG00000139626.16	ITGB7
ENST00000542497.5	ENSG00000139626.16	ITGB7
ENST00000548706.1	ENSG00000139626.16	ITGB7
ENST00000548269.1	ENSG00000139626.16	ITGB7
ENST00000551887.2	ENSG00000139626.16	ITGB7
ENST00000549196.1	ENSG00000139626.16	ITGB7
ENST00000589179.5	ENSG00000139626.16	ITGB7
ENST00000549462.1	ENSG00000139626.16	ITGB7
ENST00000552972.5	ENSG00000139626.16	ITGB7
ENST00000552935.5	ENSG00000139626.16	ITGB7
ENST00000549086.2	ENSG00000139626.16	ITGB7
ENST00000547379.6	ENSG00000118596.12	SLC16A7
ENST00000552432.5	ENSG00000118596.12	SLC16A7
ENST00000549465.5	ENSG00000118596.12	SLC16A7
ENST00000552024.5	ENSG00000118596.12	SLC16A7
ENST00000548610.5	ENSG00000118596.12	SLC16A7
ENST00000261187.8	ENSG00000118596.12	SLC16A7
ENST00000550062.5	ENSG00000118596.12	SLC16A7
ENST00000549588.5	ENSG00000118596.12	SLC16A7
ENST00000546459.5	ENSG00000118596.12	SLC16A7
ENST00000552405.5	ENSG00000118596.12	SLC16A7
ENST00000549033.5	ENSG00000118596.12	SLC16A7
ENST00000551877.5	ENSG00000118596.12	SLC16A7
ENST00000547801.1	ENSG00000118596.12	SLC16A7
ENST00000549928.5	ENSG00000118596.12	SLC16A7
ENST00000549305.1	ENSG00000118596.12	SLC16A7
ENST00000548444.1	ENSG00000118596.12	SLC16A7
ENST00000391141.1	ENSG00000212443.1	SNORA53
ENST00000386157.1	ENSG00000208892.1	SNORA49
ENST00000384323.1	ENSG00000207051.1	SNORA27
ENST00000362607.1	ENSG00000199477.1	SNORA31
ENST00000647374.2	ENSG00000184564.11	SLITRK6
ENST00000643778.1	ENSG00000184564.11	SLITRK6
ENST00000645642.1	ENSG00000184564.11	SLITRK6
ENST00000377067.9	ENSG00000179399.16	GPC5
ENST00000483422.1	ENSG00000179399.16	GPC5
ENST00000618283.1	ENSG00000179399.16	GPC5
ENST00000416664.1	ENSG00000236240.1	GPC5-IT1
ENST00000451897.5	ENSG00000235984.5	GPC5-AS1
ENST00000419288.1	ENSG00000235984.5	GPC5-AS1
ENST00000376414.5	ENSG00000169508.7	GPR183
ENST00000516869.1	ENSG00000277209.1	RPPH1
ENST00000362566.1	ENSG00000199436.1	SNORD9
ENST00000363915.1	ENSG00000200785.1	SNORD8
ENST00000391216.1	ENSG00000212518.1	RNU11-5P
ENST00000554138.1	ENSG00000139973.18	SYT16
ENST00000683842.1	ENSG00000139973.18	SYT16
ENST00000636133.1	ENSG00000139973.18	SYT16
ENST00000554436.1	ENSG00000139973.18	SYT16
ENST00000568344.5	ENSG00000139973.18	SYT16
ENST00000555409.1	ENSG00000139973.18	SYT16
ENST00000516688.1	ENSG00000252497.1	RPPH1-2P
ENST00000634499.2	ENSG00000021645.20	NRXN3
ENST00000335750.7	ENSG00000021645.20	NRXN3
ENST00000554738.5	ENSG00000021645.20	NRXN3
ENST00000556088.1	ENSG00000021645.20	NRXN3
ENST00000553363.6	ENSG00000021645.20	NRXN3
ENST00000553631.1	ENSG00000021645.20	NRXN3
ENST00000554719.5	ENSG00000021645.20	NRXN3
ENST00000556496.2	ENSG00000021645.20	NRXN3
ENST00000635466.2	ENSG00000021645.20	NRXN3
ENST00000557081.1	ENSG00000021645.20	NRXN3
ENST00000557594.5	ENSG00000021645.20	NRXN3
ENST00000281127.11	ENSG00000021645.20	NRXN3
ENST00000679122.1	ENSG00000021645.20	NRXN3
ENST00000428277.6	ENSG00000021645.20	NRXN3
ENST00000676811.1	ENSG00000021645.20	NRXN3
ENST00000555387.1	ENSG00000021645.20	NRXN3
ENST00000555073.5	ENSG00000021645.20	NRXN3
ENST00000553803.5	ENSG00000021645.20	NRXN3
ENST00000556003.1	ENSG00000021645.20	NRXN3
ENST00000408376.1	ENSG00000221303.1	SNORA79
ENST00000516672.1	ENSG00000252481.1	SCARNA13
ENST00000606769.1	ENSG00000272533.1	SNORA28
ENST00000384335.1	ENSG00000207063.1	SNORD116-1
ENST00000384274.1	ENSG00000207001.1	SNORD116-2
ENST00000384462.1	ENSG00000207191.1	SNORD116-5
ENST00000383882.1	ENSG00000206609.1	SNORD116-11
ENST00000384408.1	ENSG00000207137.1	SNORD116-13
ENST00000383894.1	ENSG00000206621.1	SNORD116-14
ENST00000384533.1	ENSG00000207263.1	SNORD116-16
ENST00000383961.1	ENSG00000206688.1	SNORD116-18
ENST00000384645.1	ENSG00000207375.1	SNORD116-23
ENST00000384549.1	ENSG00000207279.1	SNORD116-24
ENST00000516517.1	ENSG00000252326.1	SNORD116-25
ENST00000516006.1	ENSG00000251815.1	SNORD116-26
ENST00000516087.1	ENSG00000251896.1	SNORD116-27
ENST00000384516.1	ENSG00000207245.1	SNORD116-29
ENST00000635978.1	ENSG00000175344.19	CHRNA7
ENST00000636603.1	ENSG00000175344.19	CHRNA7
ENST00000638106.1	ENSG00000175344.19	CHRNA7
ENST00000637183.1	ENSG00000175344.19	CHRNA7
ENST00000635884.1	ENSG00000175344.19	CHRNA7
ENST00000637033.1	ENSG00000175344.19	CHRNA7
ENST00000637519.1	ENSG00000175344.19	CHRNA7
ENST00000454250.7	ENSG00000175344.19	CHRNA7
ENST00000675428.1	ENSG00000175344.19	CHRNA7
ENST00000637552.1	ENSG00000175344.19	CHRNA7
ENST00000635722.1	ENSG00000175344.19	CHRNA7
ENST00000638031.1	ENSG00000175344.19	CHRNA7
ENST00000637350.1	ENSG00000175344.19	CHRNA7
ENST00000306901.9	ENSG00000175344.19	CHRNA7
ENST00000637971.1	ENSG00000175344.19	CHRNA7
ENST00000437966.3	ENSG00000175344.19	CHRNA7
ENST00000637786.2	ENSG00000175344.19	CHRNA7
ENST00000636295.1	ENSG00000175344.19	CHRNA7
ENST00000636044.1	ENSG00000175344.19	CHRNA7
ENST00000636850.1	ENSG00000175344.19	CHRNA7
ENST00000636440.1	ENSG00000175344.19	CHRNA7
ENST00000636647.1	ENSG00000175344.19	CHRNA7
ENST00000635759.1	ENSG00000175344.19	CHRNA7
ENST00000636271.1	ENSG00000175344.19	CHRNA7
ENST00000676380.1	ENSG00000175344.19	CHRNA7
ENST00000636184.1	ENSG00000175344.19	CHRNA7
ENST00000636292.1	ENSG00000175344.19	CHRNA7
ENST00000636898.1	ENSG00000175344.19	CHRNA7
ENST00000636709.1	ENSG00000175344.19	CHRNA7
ENST00000636245.1	ENSG00000175344.19	CHRNA7
ENST00000636957.1	ENSG00000175344.19	CHRNA7
ENST00000637189.1	ENSG00000175344.19	CHRNA7
ENST00000636521.1	ENSG00000175344.19	CHRNA7
ENST00000638081.1	ENSG00000175344.19	CHRNA7
ENST00000637649.1	ENSG00000175344.19	CHRNA7
ENST00000635883.1	ENSG00000175344.19	CHRNA7
ENST00000637348.1	ENSG00000175344.19	CHRNA7
ENST00000307144.6	ENSG00000171989.6	LDHAL6B
ENST00000360587.2	ENSG00000197361.8	FBXL22
ENST00000638704.2	ENSG00000197361.8	FBXL22
ENST00000534939.2	ENSG00000197361.8	FBXL22
ENST00000560325.1	ENSG00000197361.8	FBXL22
ENST00000516903.1	ENSG00000252712.1	SCARNA14
ENST00000363753.1	ENSG00000200623.1	SNORD18A
ENST00000362763.1	ENSG00000199633.1	SNORA63
ENST00000384674.1	ENSG00000207405.1	SNORA64
ENST00000565592.5	ENSG00000167964.13	RAB26
ENST00000541451.5	ENSG00000167964.13	RAB26
ENST00000564426.5	ENSG00000167964.13	RAB26
ENST00000562735.5	ENSG00000167964.13	RAB26
ENST00000210187.11	ENSG00000167964.13	RAB26
ENST00000561600.5	ENSG00000167964.13	RAB26
ENST00000567145.2	ENSG00000167964.13	RAB26
ENST00000566724.1	ENSG00000167964.13	RAB26
ENST00000383903.1	ENSG00000206630.1	SNORD60
ENST00000391291.1	ENSG00000212593.1	SNORA75
ENST00000384762.1	ENSG00000207493.1	SNORA46
ENST00000516634.1	ENSG00000252443.1	SNORA62
ENST00000516213.1	ENSG00000252022.1	SNORD33
ENST00000331264.8	ENSG00000182327.8	GLTPD2
ENST00000386847.1	ENSG00000209582.1	SNORA48
ENST00000459579.1	ENSG00000238917.1	SNORD10
ENST00000384423.1	ENSG00000277985.1	SNORA67
ENST00000517026.1	ENSG00000252835.1	SCARNA21
ENST00000437139.7	ENSG00000179029.15	TMEM107
ENST00000449985.6	ENSG00000179029.15	TMEM107
ENST00000532998.5	ENSG00000179029.15	TMEM107
ENST00000533070.5	ENSG00000179029.15	TMEM107
ENST00000316425.9	ENSG00000179029.15	TMEM107
ENST00000431792.2	ENSG00000179029.15	TMEM107
ENST00000526920.1	ENSG00000179029.15	TMEM107
ENST00000529756.1	ENSG00000179029.15	TMEM107
ENST00000417073.2	ENSG00000179029.15	TMEM107
ENST00000516898.1	ENSG00000252707.1	RNU11-2P
ENST00000384229.1	ENSG00000277370.1	SNORD49A
ENST00000458893.1	ENSG00000238423.1	SNORD42B
ENST00000459174.1	ENSG00000238578.1	SNORD4A
ENST00000578053.2	ENSG00000264743.2	DPRXP4
ENST00000362423.1	ENSG00000199293.1	SNORA21
ENST00000319121.4	ENSG00000178502.6	KLHL11
ENST00000516768.1	ENSG00000252577.1	SCARNA20
ENST00000363524.1	ENSG00000200394.1	SNORA38B
ENST00000515981.1	ENSG00000275143.1	SCARNA16
ENST00000589596.5	ENSG00000101639.19	CEP192
ENST00000506447.5	ENSG00000101639.19	CEP192
ENST00000325971.12	ENSG00000101639.19	CEP192
ENST00000507064.2	ENSG00000101639.19	CEP192
ENST00000513432.5	ENSG00000101639.19	CEP192
ENST00000511820.6	ENSG00000101639.19	CEP192
ENST00000510237.5	ENSG00000101639.19	CEP192
ENST00000585938.1	ENSG00000101639.19	CEP192
ENST00000589993.5	ENSG00000101639.19	CEP192
ENST00000507254.6	ENSG00000101639.19	CEP192
ENST00000540847.6	ENSG00000101639.19	CEP192
ENST00000508150.2	ENSG00000101639.19	CEP192
ENST00000508539.2	ENSG00000101639.19	CEP192
ENST00000513183.1	ENSG00000101639.19	CEP192
ENST00000262160.11	ENSG00000175387.16	SMAD2
ENST00000402690.6	ENSG00000175387.16	SMAD2
ENST00000356825.8	ENSG00000175387.16	SMAD2
ENST00000586040.5	ENSG00000175387.16	SMAD2
ENST00000591214.5	ENSG00000175387.16	SMAD2
ENST00000587353.5	ENSG00000175387.16	SMAD2
ENST00000587269.5	ENSG00000175387.16	SMAD2
ENST00000586514.5	ENSG00000175387.16	SMAD2
ENST00000587421.5	ENSG00000175387.16	SMAD2
ENST00000586487.2	ENSG00000175387.16	SMAD2
ENST00000589877.5	ENSG00000175387.16	SMAD2
ENST00000585978.1	ENSG00000175387.16	SMAD2
ENST00000516183.1	ENSG00000251992.1	SCARNA17
ENST00000384504.1	ENSG00000207233.1	SNORA37
ENST00000527031.5	ENSG00000105639.21	JAK3
ENST00000458235.7	ENSG00000105639.21	JAK3
ENST00000696967.1	ENSG00000105639.21	JAK3
ENST00000696968.1	ENSG00000105639.21	JAK3
ENST00000696969.1	ENSG00000105639.21	JAK3
ENST00000527670.5	ENSG00000105639.21	JAK3
ENST00000526008.6	ENSG00000105639.21	JAK3
ENST00000534444.1	ENSG00000105639.21	JAK3
ENST00000696970.1	ENSG00000105639.21	JAK3
ENST00000528705.1	ENSG00000105639.21	JAK3
ENST00000528293.1	ENSG00000105639.21	JAK3
ENST00000384437.1	ENSG00000207166.1	SNORA68
ENST00000360204.5	ENSG00000160229.13	ZNF66
ENST00000344519.10	ENSG00000160229.13	ZNF66
ENST00000594534.5	ENSG00000160229.13	ZNF66
ENST00000596302.5	ENSG00000196268.12	ZNF493
ENST00000596815.1	ENSG00000196268.12	ZNF493
ENST00000594390.5	ENSG00000196268.12	ZNF493
ENST00000355504.4	ENSG00000196268.12	ZNF493
ENST00000392288.7	ENSG00000196268.12	ZNF493
ENST00000339914.6	ENSG00000196268.12	ZNF493
ENST00000599461.1	ENSG00000196268.12	ZNF493
ENST00000598152.1	ENSG00000196268.12	ZNF493
ENST00000599517.1	ENSG00000196268.12	ZNF493
ENST00000593645.5	ENSG00000167232.14	ZNF91
ENST00000593292.1	ENSG00000167232.14	ZNF91
ENST00000596528.1	ENSG00000167232.14	ZNF91
ENST00000595893.1	ENSG00000167232.14	ZNF91
ENST00000596989.1	ENSG00000167232.14	ZNF91
ENST00000597458.1	ENSG00000167232.14	ZNF91
ENST00000599743.5	ENSG00000167232.14	ZNF91
ENST00000599281.1	ENSG00000167232.14	ZNF91
ENST00000593341.1	ENSG00000167232.14	ZNF91
ENST00000300619.12	ENSG00000167232.14	ZNF91
ENST00000397082.2	ENSG00000167232.14	ZNF91
ENST00000595533.1	ENSG00000167232.14	ZNF91
ENST00000402377.3	ENSG00000196172.9	ZNF681
ENST00000528059.1	ENSG00000196172.9	ZNF681
ENST00000531570.1	ENSG00000196172.9	ZNF681
ENST00000392149.6	ENSG00000196437.12	ZNF569
ENST00000316950.11	ENSG00000196437.12	ZNF569
ENST00000448051.7	ENSG00000196437.12	ZNF569
ENST00000392150.2	ENSG00000196437.12	ZNF569
ENST00000592490.5	ENSG00000196437.12	ZNF569
ENST00000589833.5	ENSG00000196437.12	ZNF569
ENST00000591710.5	ENSG00000196437.12	ZNF569
ENST00000591073.1	ENSG00000196437.12	ZNF569
ENST00000417353.6	ENSG00000125740.15	FOSB
ENST00000443841.6	ENSG00000125740.15	FOSB
ENST00000585836.5	ENSG00000125740.15	FOSB
ENST00000591858.5	ENSG00000125740.15	FOSB
ENST00000590335.1	ENSG00000125740.15	FOSB
ENST00000353609.8	ENSG00000125740.15	FOSB
ENST00000592436.5	ENSG00000125740.15	FOSB
ENST00000592811.5	ENSG00000125740.15	FOSB
ENST00000586113.1	ENSG00000125740.15	FOSB
ENST00000586615.5	ENSG00000125740.15	FOSB
ENST00000589593.1	ENSG00000125740.15	FOSB
ENST00000587358.1	ENSG00000125740.15	FOSB
ENST00000364805.1	ENSG00000201675.1	SNORD32A
ENST00000362761.1	ENSG00000199631.1	SNORD33
ENST00000596877.5	ENSG00000126460.11	PRRG2
ENST00000246794.10	ENSG00000126460.11	PRRG2
ENST00000596700.5	ENSG00000126460.11	PRRG2
ENST00000597121.5	ENSG00000126460.11	PRRG2
ENST00000543867.2	ENSG00000126460.11	PRRG2
ENST00000408061.1	ENSG00000220988.1	SNORD88C
ENST00000595962.6	ENSG00000198464.14	ZNF480
ENST00000468240.6	ENSG00000198464.14	ZNF480
ENST00000598016.5	ENSG00000198464.14	ZNF480
ENST00000334564.11	ENSG00000198464.14	ZNF480
ENST00000490272.1	ENSG00000198464.14	ZNF480
ENST00000335090.6	ENSG00000198464.14	ZNF480
ENST00000421239.7	ENSG00000258405.11	ZNF578
ENST00000601120.1	ENSG00000258405.11	ZNF578
ENST00000504146.5	ENSG00000196417.13	ZNF765
ENST00000504235.5	ENSG00000196417.13	ZNF765
ENST00000396408.8	ENSG00000196417.13	ZNF765
ENST00000507045.5	ENSG00000196417.13	ZNF765
ENST00000505866.1	ENSG00000196417.13	ZNF765
ENST00000594030.2	ENSG00000196417.13	ZNF765
ENST00000594627.5	ENSG00000196417.13	ZNF765
ENST00000596086.1	ENSG00000196417.13	ZNF765
ENST00000291890.9	ENSG00000189430.13	NCR1
ENST00000601903.1	ENSG00000189430.13	NCR1
ENST00000601137.1	ENSG00000189430.13	NCR1
ENST00000598576.5	ENSG00000189430.13	NCR1
ENST00000594765.5	ENSG00000189430.13	NCR1
ENST00000338835.9	ENSG00000189430.13	NCR1
ENST00000350790.9	ENSG00000189430.13	NCR1
ENST00000357397.5	ENSG00000189430.13	NCR1
ENST00000414468.3	ENSG00000204524.7	ZNF805
ENST00000354309.4	ENSG00000204524.7	ZNF805
ENST00000537645.5	ENSG00000197714.9	ZNF460
ENST00000360338.4	ENSG00000197714.9	ZNF460
ENST00000599602.1	ENSG00000197714.9	ZNF460
ENST00000321545.5	ENSG00000178229.8	ZNF543
ENST00000600175.5	ENSG00000197128.13	ZNF772
ENST00000601768.1	ENSG00000197128.13	ZNF772
ENST00000356584.8	ENSG00000197128.13	ZNF772
ENST00000343280.8	ENSG00000197128.13	ZNF772
ENST00000427512.6	ENSG00000197128.13	ZNF772
ENST00000425074.3	ENSG00000197128.13	ZNF772
ENST00000610548.2	ENSG00000197128.13	ZNF772
ENST00000450712.2	ENSG00000197128.13	ZNF772
ENST00000606420.1	ENSG00000271798.1	SNORA51
ENST00000390930.1	ENSG00000212232.1	SNORD17
ENST00000375222.4	ENSG00000149609.6	C20orf144
ENST00000607738.1	ENSG00000149609.6	C20orf144
ENST00000439232.2	ENSG00000235408.6	SNORA71B
ENST00000364729.1	ENSG00000225091.3	SNORA71A
ENST00000364642.1	ENSG00000201512.1	SNORA71C
ENST00000363484.1	ENSG00000200354.1	SNORA71D
ENST00000386307.1	ENSG00000209042.1	SNORD12C
ENST00000410433.1	ENSG00000222365.1	SNORD12B
ENST00000371610.7	ENSG00000124171.9	PARD6B
ENST00000396039.1	ENSG00000124171.9	PARD6B
ENST00000395104.5	ENSG00000130584.12	ZBTB46
ENST00000245663.9	ENSG00000130584.12	ZBTB46
ENST00000302995.2	ENSG00000130584.12	ZBTB46
ENST00000650966.1	ENSG00000130584.12	ZBTB46
ENST00000460757.1	ENSG00000130584.12	ZBTB46
ENST00000480766.1	ENSG00000130584.12	ZBTB46
ENST00000606322.1	ENSG00000272015.1	SNORA62
ENST00000216024.7	ENSG00000100206.11	DMC1
ENST00000428462.6	ENSG00000100206.11	DMC1
ENST00000439567.5	ENSG00000100206.11	DMC1
ENST00000478820.1	ENSG00000100206.11	DMC1
ENST00000415483.1	ENSG00000100206.11	DMC1
ENST00000464842.1	ENSG00000100206.11	DMC1
ENST00000477649.1	ENSG00000160131.14	VMA21
ENST00000370361.5	ENSG00000160131.14	VMA21
ENST00000330374.7	ENSG00000160131.14	VMA21
