Index	Position	A	C	G	U	Mutation
-37	0	0.0	0.023722201585769626	0.03525763750076291	-0.0004746317863464633	0
-36	1	-0.011048749089241056	0.0	-0.019207984209060697	-0.00343869626522067	0
-35	2	0.027634501457214328	0.031221807003021212	0.06178972125053403	0.0	0
-34	3	0.059270337224006625	0.0	0.03465639054775235	0.020051181316375705	0
-33	4	0.04320657253265378	0.0	0.05398717522621152	0.04661713540554044	0
-32	5	0.039876341819763156	0.07258690893650052	-0.02248321473598483	0.0	0
-31	6	-0.011700496077537564	-0.002147346735000638	0.0	-0.0039001256227493564	0
-30	7	-0.03628405928611758	-0.029749989509582547	0.0	0.005971208214759799	0
-29	8	0.0	0.052510187029838534	-0.0015362352132797519	-0.017888709902763394	0
-28	9	0.023365542292594882	0.11413307487964627	0.024712443351745578	0.0	0
-27	10	0.0	-0.004559338092803983	-0.044665098190307645	0.014615416526794406	0
-26	11	0.010273158550262423	0.020085737109184237	0.0	-0.024207711219787625	0
-25	12	0.030519381165504428	0.11424715816974637	0.0	0.04618884623050687	0
-24	13	0.13296681642532346	0.0	0.05851225554943082	-0.007757961750030545	0
-23	14	0.0	-0.0437828600406647	-0.022056683897972135	-0.01706580817699435	0
-22	15	-0.0040117204189300815	-0.01795646548271182	0.0	0.00700044631958005	0
-21	16	-0.07544803619384768	0.0	0.037578463554382296	0.09703575074672696	0
-20	17	-0.025009348988533048	-0.005864053964614896	0.027143776416778537	0.0	0
-19	18	0.07995168864727017	0.1249185651540756	0.0	0.08503316342830655	0
-18	19	0.004540041089057895	-0.01335439085960391	0.0	-0.0008043050765991488	0
-17	20	0.0	-0.010028839111328153	0.032946020364761325	0.05520229041576383	0
-16	21	-0.04473420977592471	0.0	0.017876848578453036	-0.05225187540054324	0
-15	22	-0.1125392019748688	0.0	-0.0292964577674866	0.0069784224033355435	0
-14	23	0.0	0.0654228329658508	0.04426644742488858	0.06211102008819577	0
-13	24	0.0	-0.05259782075881961	0.007999554276466342	-0.00667898356914523	0
-12	25	-0.024676233530044583	0.0	-0.04683309793472293	-0.0745811462402344	0
-11	26	-0.038488119840621976	-0.02818445861339572	0.0	-0.04669106006622317	0
-10	27	-0.03135772049427035	-0.0558489263057709	0.0	-0.007849320769310025	0
-9	28	0.0	-0.11579123139381411	-0.0666555464267731	0.008650004863738986	0
-8	29	-0.05790373682975772	0.0	-0.03721243143081668	0.028689056634902926	0
-7	30	0.10225453972816465	0.034745320677757235	0.0	0.05171889066696164	0
-6	31	0.008608996868133517	0.10881583392620084	0.0	0.10853247344493863	0
-5	32	0.0	0.009918227791786166	0.04847890138626096	0.053033128380775424	0
-4	33	0.011305972933769198	0.004124209284782382	0.02416324615478513	0.0	0
-3	34	0.0606340020895004	0.020047068595886203	0.0	0.05155923962593076	0
-2	35	0.03985291719436643	0.0	0.018198698759078952	0.04260002076625821	0
-1	36	0.040060177445411654	0.0	0.027206778526306125	0.03310129046440122	0
